鄉鎮市區,交易標的,土地區段位置建物區段門牌,土地移轉總面積平方公尺,都市土地使用分區,非都市土地使用分區,非都市土地使用編定,交易年月日,交易筆棟數,移轉層次,總樓層數,建物型態,主要用途,主要建材,建築完成年月,建物移轉總面積平方公尺,建物現況格局.房,建物現況格局.廳,建物現況格局.衛,建物現況格局.隔間,有無管理組織,總價元,單價元平方公尺,車位類別,車位移轉總面積.平方公尺.,車位總價元,備註,編號,主建物面積,附屬建物面積,陽台面積,電梯,移轉編號,X,X.1,X.2,X.3,X.4,Response_X,Response_Y
北屯區,房地(土地+建物),臺中市北屯區北屯路361~390號,24.5,都市：其他:第二種住宅區,,,1090720,土地8建物1車位0,七層,十九層,住宅大樓(11層含以上有電梯),商業用,鋼筋混凝土造,811110,251.22,0,0,0,無,有,11500000,45777,,0,0,,RPVPMLRJRHPFFBB76DA,182.26,0,46.66,有,,,,,,,219838.595,2675740.423
北屯區,房地(土地+建物),臺中市北屯區松竹路二段74巷1~30號,77.84,都市：其他:市場用地,,,1090707,土地1建物1車位0,全,三層,透天厝,商業用,鋼筋混凝土造,770712,142.89,5,2,2,有,無,14800000,103576,,0,0,其他增建,,RPXNMLOLQHPFFBB56DA,122.8,20.09,0,無,,,,,,219661.01,2675421.555
北區,房地(土地+建物),臺中市北區武昌南街1~30號,17.51,都市：其他:第二種住宅區,,,1090805,土地1建物1車位0,一層,五層,公寓(5樓含以下無電梯),商業用,鋼筋混凝土造,761002,63.3,2,1,1,有,有,3700000,58452,,0,0,,RPQOMLQLQHPFFBB78DA,45.95,8.82,0,無,95,,,,,,216463.163,2673651.711
北屯區,房地(土地+建物),臺中市北屯區柳陽西街92巷1~30號,5.29,都市：其他:第二種住宅區,,,1090804,土地1建物1車位0,一層,十六層,住宅大樓(11層含以上有電梯),商業用,鋼筋混凝土造,840814,40.22,1,1,2,有,有,3800000,94480,,0,0,陽台外推,夾層,,RPRQMLKKRHPFFBB58EA,27.55,5.57,0,有,,,,,218722.371,2674508.853
北區,房地(土地+建物),臺中市北區五順街241~270號,4.98,都市：其他:第一種商業區,,,1090820,土地1建物1車位0,三層,五層,公寓(5樓含以下無電梯),商業用,鋼筋混凝土造,710419,21.95,1,1,1,有,無,600000,27335,,0,0,,RPQPMLLKRHPFFBB48EA,19.68,0,0,無,,,,,,,217273.958,2671906.081
北區,房地(土地+建物),臺中市北區五順街241~270號,4.98,都市：其他:第一種商業區,,,1090820,土地1建物1車位0,三層,五層,公寓(5樓含以下無電梯),商業用,鋼筋混凝土造,710419,21.95,1,1,1,有,無,600000,27335,,0,0,,RPSPMLLKRHPFFBB68EA,19.68,0,0,無,,,,,,,217273.958,2671906.081
西屯區,房地(土地+建物),臺中市西屯區太原路一段121~150號,2.82,都市：其他:第一種商業區,,,1090831,土地1建物1車位0,九層,九層,華廈(10層含以下有電梯),商業用,鋼筋混凝土造,820531,36.49,1,1,1,有,有,1850000,50699,,0,0,,RPWSMLKKRHPFFCB66DA,23.02,2.15,0,有,,,,,,,215846.981,2673285.785
北屯區,房地(土地+建物),臺中市北屯區大連路三段151~180號,13.72,都市：其他:第二種住宅區,,,1090808,土地1建物1車位0,一層，騎樓,九層,華廈(10層含以下有電梯),商業用,鋼筋混凝土造,830330,78.48,0,0,0,無,有,6900000,87920,,0,0,其他增建,,RPSQMLOJRHPFFBB88DA,59.55,7.58,0,有,,,,,,219160.812,2674283.034
中區,房地(土地+建物),臺中市中區成功路128巷1~30號,68.46,都市：其他:第二種商業區,,,1090731,土地4建物1車位0,二層,五層,公寓(5樓含以下無電梯),商業用,鋼筋混凝土造,710826,325.01,10,1,10,有,無,14800000,45537,,0,0,,RPVNMLKKRHPFFAB48DA,267.34,16.11,0,無,181,,,,,,217883.736,2670660.066
西區,房地(土地+建物),臺中市西區梅川東路一段61~90號,6.58,都市：其他:第一種商業區,,,1090804,土地1建物1車位0,十一層,十二層,住宅大樓(11層含以上有電梯),商業用,鋼筋混凝土造,820417,57.86,1,1,1,有,有,4000000,69132,,0,0,,RPORMLKKRHPFFAB18DA,38.13,8.68,0,有,,,,,,,216610.402,2671449.231
西區,房地(土地+建物),臺中市西區梅川西路二段1~30號,5.82,都市：其他:第二種住宅區,,,1090816,土地1建物1車位0,四層,十二層,住宅大樓(11層含以上有電梯),商業用,鋼筋混凝土造,790504,72.41,2,1,1,有,有,3900000,53860,,0,0,,RPRNMLTJRHPFFAB88DA,53.21,0,0,有,,,,,,,216759.139,2671902.086
南屯區,房地(土地+建物),臺中市南屯區大英街601~630號,37.15,都市：其他:第二種住宅區,,,1090721,土地1建物1車位0,一層，騎樓，地下一層,七層,華廈(10層含以下有電梯),商業用,鋼筋混凝土造,800613,264.59,2,1,2,有,有,24000000,90706,,0,0,,RPUOMLLKRHPFFCB78DA,233.91,7.95,0,有,,,,,,,214277.486,2672292.95
南區,房地(土地+建物),臺中市南區平順街1~30號,29.44,都市：其他:第二種住宅區,,,1090901,土地3建物1車位0,一層，騎樓，地下層,五層,公寓(5樓含以下無電梯),商業用,鋼筋混凝土造,671218,101.37,0,1,1,有,無,6560000,64713,,0,0,傢俱設備費:36000元冷氣機含傢俱設備費36000元,含土地增值稅或其他稅費24000元,親友、員工、共有人或其他特殊關係間之交易,,RPSNMLOKRHPFFAB68EA,101.37,0,0,無,,,,215712.583,2668876.45
西區,房地(土地+建物),臺中市西區忠明南路241~270號,31.38,都市：其他:第三種住宅區。,,,1090820,土地1建物1車位0,四層,二十層,住宅大樓(11層含以上有電梯),商業用,鋼筋混凝土造,791105,341.21,0,0,0,無,有,10300000,30187,,0,0,,RPUNMLNJRHPFFAB58DA,197.58,53.89,0,有,,,,,,,215220.315,2669959.526
西區,房地(土地+建物),臺中市西區自由路一段91~120號,7.33,都市：其他:第二種商業區,,,1090908,土地1建物1車位0,七層,二十一層,住宅大樓(11層含以上有電梯),商業用,見其他登記事項,790720,97.42,0,0,0,無,有,4250000,43626,,0,0,,RPXPMLOKRHPFFAB66DA,65.36,0,0,有,,,,,,,217452.095,2670275.602
北屯區,房地(土地+建物),臺中市北屯區松文街61~90號,13.74,都市：其他:第二種住宅區,,,1090812,土地1建物1車位0,一層，騎樓,九層,華廈(10層含以下有電梯),商業用,鋼筋混凝土造,830426,86.55,0,0,0,無,有,5800000,67013,,0,0,含仲介費,,RPXPMLRJRHPFFBB96DA,66.14,4.2,0,有,,,,,,218623.038,2675112.21
北屯區,房地(土地+建物),臺中市北屯區雷中街31~60號,43.25,都市：其他:第二種住宅區,,,1090805,土地1建物1車位0,一層，騎樓，地下層,六層,華廈(10層含以下有電梯),商業用,鋼筋混凝土造,820602,144.55,3,2,1,有,有,7600000,52577,,0,0,,RPVPMLLKRHPFFBB88DA,132.44,0,0,有,314,,,,,,216540.079,2675655.987
大里區,房地(土地+建物),臺中市大里區新義路211~240號,27.25,都市：其他:住宅區,,,1090811,土地1建物1車位0,一層，騎樓,四層,公寓(5樓含以下無電梯),商業用,鋼筋混凝土造,680330,78.53,2,1,1,有,無,4680000,59595,,0,0,,RPWOMLPKRHPFFIB37DA,78.53,0,0,無,,,,,,,218555.31,2666529.49
西區,房地(土地+建物),臺中市西區存中街151~180號,46.5,都市：其他:第三種住宅區。,,,1090821,土地1建物1車位0,一層，騎樓,四層,公寓(5樓含以下無電梯),商業用,鋼筋混凝土造,670901,102.9,2,1,2,有,無,4000000,38873,,0,0,親友、員工、共有人或其他特殊關係間之交易,,RPWQMLRKRHPFFAB07EA,102.9,0,0,無,,,,,,215048.135,2670755.324
南屯區,房地(土地+建物),臺中市南屯區文心路一段361~390號,14.55,都市：其他:第三之一種商業區,,,1090805,土地1建物1車位0,十二層,二十九層,住宅大樓(11層含以上有電梯),商業用,鋼筋混凝土造,830825,174.6,3,1,1,有,有,10050000,57560,,0,0,,RPSUMLPKRHPFFCB96DA,106.91,13.95,0,有,,,,,,,214136.005,2672286.234
南區,房地(土地+建物),臺中市南區仁義街31~60號,66,都市：其他:第二種住宅區,,,1090705,土地1建物1車位0,全,二層,透天厝,商業用,見其他登記事項,580203,100.71,4,2,3,有,無,12000000,119154,,0,0,其他增建,,RPVNMLOJQHPFFAB68DA,100.71,0,0,無,,,,,,216493.321,2668986.197
東區,房地(土地+建物),臺中市東區復興路四段138巷1~30號,40,都市：其他:第一種商業區,,,1090829,土地1建物1車位0,全,二層,透天厝,商業用,見其他登記事項,,78.61,3,2,2,有,無,9000000,114489,,0,0,,RPVNMLLLRHPFFAB78EA,78.61,0,0,無,,,,,,,218160.795,2670062.958
北屯區,房地(土地+建物),臺中市北屯區昌平路二段4巷31~60號,16.62,都市：其他:第二種住宅區,,,1090814,土地1建物1車位0,一層,九層,華廈(10層含以下有電梯),商業用,鋼筋混凝土造,830426,104.12,2,1,1,有,有,8000000,76834,,0,0,,RPTNMLMLRHPFFBB68DA,69.64,10.38,0,有,509,,,,,,218591.752,2674906.166
南屯區,房地(土地+建物),臺中市南屯區文心路一段361~390號,5,都市：其他:第三之一種商業區,,,1090818,土地1建物1車位0,十層,二十九層,住宅大樓(11層含以上有電梯),商業用,鋼筋混凝土造,830825,58.38,0,0,0,無,有,3500000,59952,,0,0,,RPOOMLNLRHPFFCB58EA,31.21,10,0,有,,,,,,,214136.005,2672286.234
北區,房地(土地+建物),臺中市北區太原路三段31~60號,23.61,都市：其他:第二種住宅區,,,1090904,土地1建物1車位0,一層，地下層,五層,公寓(5樓含以下無電梯),商業用,鋼筋混凝土造,710925,124.62,2,2,1,有,無,8900000,71417,,0,0,其他增建,,RPVPMLNLRHPFFBB66EA,106.94,6.87,0,無,,,,,,218370.144,2673302.492
南區,房地(土地+建物),臺中市南區崇倫北街27巷1~30號,14.19,都市：其他:市場用地,,,1090810,土地1建物1車位0,一層，二層,十三層,住宅大樓(11層含以上有電梯),商業用,鋼筋混凝土造,880403,92.69,3,0,2,有,有,6800000,73363,,0,0,,RPVOMLNLRHPFFAB09EA,66.48,4,0,有,,,,,,,215102.595,2669807.387
西區,房地(土地+建物),臺中市西區臺灣大道一段721~750號,10.86,都市：其他:第二種商業區,,,1090903,土地5建物1車位0,五層,十二層,住宅大樓(11層含以上有電梯),商業用,鋼筋混凝土造,720118,106.19,0,0,0,無,有,2850000,26839,,0,0,含一套衛浴設備,RPQNMLPKRHPFFAB48DA,96.01,0,0,有,628,,,,,,216891.589,2671430.322
西屯區,房地(土地+建物),臺中市西屯區福星路541~570號,19.84,都市：其他:第二種住宅區,,,1090822,土地1建物1車位0,八層,十二層,住宅大樓(11層含以上有電梯),商業用,鋼筋混凝土造,800206,228.79,9,0,9,有,有,17500000,76489,,0,0,1.其他增建天井.2.因售屋廣告誤登屋齡，賣方同意減少價金新台幣壹拾貳萬元整，雙方另立變更期款協議書.陽台外推,其他增建,,RPWSMLNLRHPFFCB07DA,181.6,30.61,0,有,670,,,,214428.757,2674217.203
西屯區,房地(土地+建物),臺中市西屯區重慶路241~270號,20,都市：其他:第二種住宅區,,,1090723,土地2建物1車位0,一層，騎樓，夾層，地下層,五層,公寓(5樓含以下無電梯),商業用,鋼筋混凝土造,731231,97.74,0,3,1,有,無,10300000,105382,,0,0,陽台外推,,RPUPMLOLRHPFFCB66DA,92.71,5.03,0,無,735,,,,,216105.136,2674031.143
北區,房地(土地+建物),臺中市北區忠太東路91~120號,29.49,都市：其他:第三種住宅區。,,,1090811,土地1建物1車位0,一層，騎樓,五層,公寓(5樓含以下無電梯),商業用,鋼筋混凝土造,760319,128.35,1,2,1,有,有,11700000,91157,,0,0,,RPRPMLOKQHPFFBB68DA,112.56,0,0,無,,,,,,,216701.769,2673297.697
西區,房地(土地+建物),臺中市西區西屯路一段151~180號,33,都市：其他:第二種住宅區,,,1090827,土地1建物1車位0,二層,七層,華廈(10層含以下有電梯),商業用,鋼筋混凝土造,830922,151.95,7,0,6,有,無,13380000,88055,,0,0,其他增建,,RPTQMLKKRHPFFAB58DA,112.65,13.44,0,有,744,,,,,216470.39,2672153.811
中區,房地(土地+建物),臺中市中區自由路二段121~150號,3.34,都市：其他:第二種商業區,,,1090904,土地2建物1車位0,八層,十一層,住宅大樓(11層含以上有電梯),商業用,鋼骨混凝土造,680207,29.56,1,1,1,有,有,1560000,52774,,0,0,陽台外推,,RPWNMLSJRHPFFAB66DA,26.01,0,0,有,745,,,,,217896.753,2670811.759
北屯區,房地(土地+建物),臺中市北屯區柳陽西街94巷31~60號,3.94,都市：其他:第二種住宅區,,,1090820,土地1建物1車位0,一層,十六層,公寓(5樓含以下無電梯),商業用,鋼筋混凝土造,840814,25.95,0,0,0,無,無,3200000,123314,,0,0,夾層,,RPSUMLOLRHPFFBB86DA,20.25,0,0,無,752,,,,,218726.481,2674543.044
西區,房地(土地+建物),臺中市西區華美西街一段121~150號,7.65,都市：其他:第二種住宅區,,,1090721,土地1建物1車位0,八層,十三層,住宅大樓(11層含以上有電梯),商業用,鋼筋混凝土造,830420,77.81,0,0,0,無,有,3500000,44981,,0,0,,RPTNMLOLRHPFFAB88EA,51.07,0,0,有,,,,,,,215723.633,2673119.907
西區,房地(土地+建物),臺中市西區美村路一段121~150號,89,都市：其他:第二之一種商業區,,,1090811,土地1建物1車位0,全,二層,透天厝,商業用,見其他登記事項,610223,117.68,2,2,2,有,無,31800000,270224,,0,0,頂樓加蓋,其他增建,,RPWOMLOKRHPFFAB09DA,117.68,0,0,無,,,,,215561.404,2669779.657
南區,房地(土地+建物),臺中市南區工學二街115巷31~60號,9.47,都市：其他:第三種住宅區。,,,1090818,土地1建物1車位0,一層,十二層,住宅大樓(11層含以上有電梯),商業用,鋼筋混凝土造,870930,62.03,2,2,1,有,有,4500000,72546,,0,0,夾層,,RPVNMLQKRHPFFAB09DA,48.16,4.48,0,有,844,,,,,215903.863,2667949.464
西區,房地(土地+建物),臺中市西區樂群街361~390號,43.74,都市：其他:第二種商業區,,,1090904,土地1建物1車位0,一層，騎樓，地下層,五層,公寓(5樓含以下無電梯),商業用,鋼筋混凝土造,710716,122.04,0,0,0,無,無,8580000,70305,,0,0,其他增建,,RPSUMLPKRHPFFAB76DA,122.04,0,0,無,,,,,,216121.462,2669459.96
中區,房地(土地+建物),臺中市中區成功路241~270號,22.05,都市：其他:第二種商業區,,,1090919,土地2建物1車位0,全,二層,透天厝,商業用,見其他登記事項,581013,111.98,2,1,1,有,無,6200000,55367,,0,0,未登記建物,,RPWNMLTLRHPFFAB96DA,111.98,0,0,無,,,,,,217165.608,2671252.572
北屯區,房地(土地+建物),臺中市北屯區北屯路421~450號,161,都市：其他:第二種住宅區,,,1090605,土地2建物1車位0,全,五層,透天厝,商業用,鋼筋混凝土加強磚造,620530,724.5,8,4,8,有,無,25500000,35197,,0,0,頂樓加蓋,其他增建,,RPPRMLSLRHPFFBB66DA,724.5,0,0,無,,,,,219838.595,2675740.423
西屯區,房地(土地+建物),臺中市西屯區逢甲路19巷1~30號,51.36,都市：其他:第二種住宅區,,,1090812,土地3建物1車位0,地下層,六層,華廈(10層含以下有電梯),商業用,鋼筋混凝土造,801220,257.73,4,1,1,有,有,11400000,44232,,0,0,,RPPQMLNLRHPFFCB88EA,216.65,0,0,有,,,,,,,214028.481,2674782.626
潭子區,房地(土地+建物),臺中市潭子區潭子街一段31巷1~30號,20.26,都市：其他:住宅區,,,1090828,土地1建物1車位0,一層,五層,公寓(5樓含以下無電梯),商業用,鋼筋混凝土造,801216,78.22,1,1,1,有,無,5100000,65201,,0,0,,RPVNMLKMRHPFFHB86EA,66.58,11.64,0,無,887,,,,,,220184.711,2678786.719
北屯區,房地(土地+建物),臺中市北屯區文昌東十一街31~60號,87.26,都市：其他:第三種住宅區。,,,1090824,土地1建物1車位0,地下一層,十六層,住宅大樓(11層含以上有電梯),商業用,鋼筋混凝土造,800130,771.94,0,0,0,無,有,12700000,16452,,0,0,,RPOPMLKMRHPFFBB28DA,724.16,0,0,有,916,,,,,,218900.152,2673732.966
北屯區,房地(土地+建物),臺中市北屯區梅川東路四段91~120號,4.17,都市：其他:第二種住宅區,,,1090825,土地1建物1車位0,八層,十七層,住宅大樓(11層含以上有電梯),商業用,鋼筋混凝土造,831222,43.58,1,0,1,有,有,2590000,59431,,0,0,,RPPPMLSLQHPFFBB98DA,26.46,3.29,0,有,,,,,,,217624.958,2674567.754
南區,房地(土地+建物),臺中市南區福新街1~30號,108,都市：其他:第二種住宅區,,,1090817,土地1建物5車位0,一層，騎樓，地下層,五層,公寓(5樓含以下無電梯),商業用,鋼筋混凝土造,691204,402.07,10,1,5,有,無,20000000,49743,,0,0,親友、員工、共有人或其他特殊關係間之交易,,RPXOMLKMRHPFFAB98DA,402.07,0,0,無,,,,,,216303.261,2668762.291
西區,房地(土地+建物),臺中市西區民生路91~120號,27.15,都市：其他:第二種商業區,,,1090724,土地1建物2車位0,六層,十二層,住宅大樓(11層含以上有電梯),商業用,鋼筋混凝土造,830419,373.34,0,0,0,無,有,9010000,24133,,0,0,,RPOOMLPJIIPFFAB47DA,316.69,17.54,0,有,,,,,,,215199.614,2671030.054
北區,房地(土地+建物),臺中市北區東成三街211~240號,14.07,都市：其他:第二種住宅區,,,1090811,土地1建物1車位0,一層，騎樓,七層,華廈(10層含以下有電梯),商業用,鋼筋混凝土造,820904,69.69,0,0,0,無,有,3600000,51657,,0,0,,RPVOMLMJRHPFFBB78DA,56.95,2.97,0,有,,,,,,,219731.13,2672652.685
北區,房地(土地+建物),臺中市北區太原路一段181~210號,11.94,都市：其他:第二種住宅區,,,1090904,土地1建物1車位0,七層,七層,華廈(10層含以下有電梯),商業用,鋼筋混凝土造,800412,64.53,2,2,1,有,無,4050000,62762,,0,0,陽台外推,其他增建,,RPTRMLOLRHPFFBB66DA,41.61,9.33,0,有,932,,,,216818.739,2673309.566
豐原區,房地(土地+建物),臺中市豐原區中正路167巷1~30號,169,都市：其他:第二種商業區,,,1090810,土地2建物8車位0,全,四層,透天厝,商業用,鋼筋混凝土造,920122,441.35,1,6,6,有,無,78000000,176730,,0,0,市場攤位,,RPPOMLTLRHPFFDB76EA,304.37,0,0,無,,,,,,221509.04,2682840.689
中區,房地(土地+建物),臺中市中區自由路二段1~30號,58,都市：其他:第二種商業區,,,1090914,土地1建物1車位0,六層,六層,公寓(5樓含以下無電梯),商業用,見其他登記事項,,558.57,0,0,0,無,無,16900000,30256,,0,0,,RPVOMLSLRHPFFAB96EA,558.57,0,0,無,,,,,,,217842.155,2670761.254
西屯區,房地(土地+建物),臺中市西屯區青海路二段211~240號,9.72,都市：其他:第三種商業區,,,1090831,土地1建物2車位0,十四層,十四層,住宅大樓(11層含以上有電梯),商業用,鋼筋混凝土造,850509,59.68,1,2,1,有,有,3650000,61160,,0,0,陽台外推,,RPTVMLKKRHPFFCB66DA,32.25,5.22,0,有,,,,,,212905.799,2674609.569
北區,房地(土地+建物),臺中市北區陝西東五街1~30號,23.58,都市：其他:第二種住宅區,,,1090901,土地1建物1車位0,一層,五層,公寓(5樓含以下無電梯),商業用,鋼筋混凝土造,730705,87.65,4,2,1,有,無,5300000,60468,,0,0,,RPSNMLOJRHPFFBB58DA,73.85,3.5,0,無,,,,,,,216607.12,2673677.314
西區,房地(土地+建物),臺中市西區民權路229巷1~30號,24.29,都市：其他:第二種住宅區,,,1090914,土地1建物1車位0,一層,七層,華廈(10層含以下有電梯),商業用,鋼筋混凝土造,760211,136.38,3,1,2,有,有,11000000,80657,,0,0,,RPXPMLPKRHPFFAB76DA,109.27,12.34,0,有,,,,,,,216227.25,2671424.822
北區,房地(土地+建物),臺中市北區進化路331~360號,41.77,都市：其他:第三種住宅區。,,,1090830,土地2建物1車位0,一層，二層，騎樓，地下層,七層,華廈(10層含以下有電梯),商業用,鋼筋混凝土造,720321,197.55,2,4,3,有,有,8900000,45052,,0,0,其他增建,,RPTPMLSLRHPFFBB86DA,180.81,10.93,0,有,,,,,,218873.293,2672943.739
北屯區,房地(土地+建物),臺中市北屯區梅川東路四段91~120號,4.9,都市：其他:第二種住宅區,,,1090901,土地1建物1車位0,十六層,十七層,住宅大樓(11層含以上有電梯),商業用,鋼筋混凝土造,831222,45.63,0,0,0,無,有,2920000,63993,,0,0,含租約,,RPSQMLQJIIPFFBB28DA,29.38,0,0,有,,,,,,217624.958,2674567.754
東勢區,房地(土地+建物),臺中市東勢區豐勢路中盛巷1~30號,40.13,都市：其他:商業區,,,1090818,土地3建物1車位0,全,三層,透天厝,商業用,加強磚造,581202,49.14,3,1,2,有,無,7000000,142450,,0,0,未登記建物,,RPPNMLSJIIPFFGB38DA,49.14,0,0,無,,,,,,232577.57,2683590.066
大里區,房地(土地+建物),臺中市大里區新南路31~60號,31.16,都市：其他:住宅區,,,1090916,土地2建物1車位0,一層，騎樓,五層,公寓(5樓含以下無電梯),商業用,鋼筋混凝土造,690105,87.44,0,2,1,有,無,8378000,95814,,0,0,其他增建,,RPVNMLSJIIPFFIB56DA,87.44,0,0,無,,,,,,217983.209,2667237.64
豐原區,房地(土地+建物),臺中市豐原區中山路361~390號,76,都市：其他:第二種商業區,,,1090914,土地2建物1車位0,全,三層,透天厝,商業用,加強磚造,600515,163.81,5,2,3,有,無,15000000,91570,,0,0,,RPOOMLSJIIPFFDB18EA,163.81,0,0,無,1102,,,,,,220870.139,2683345.836
豐原區,房地(土地+建物),臺中市豐原區瑞安街181~210號,19.3,都市：其他:第三種住宅區。,,,1090905,土地1建物1車位0,一層，騎樓,七層,華廈(10層含以下有電梯),商業用,鋼筋混凝土造,861016,108.56,0,0,0,無,有,5500000,50663,,0,0,,RPVNMLSKRHPFFDB96DA,92.17,0,0,有,,,,,,,220773.95,2683070.859
中區,房地(土地+建物),臺中市中區成功路1~30號,1.64,都市：其他:第二種商業區,,,1090925,土地1建物1車位0,七層,十二層,住宅大樓(11層含以上有電梯),商業用,鋼筋混凝土造,790416,31.52,1,1,1,有,有,1700000,53934,,0,0,,RPOQMLSJIIPFFAB97DA,20.78,2.53,0,有,,,,,,,217824.913,2670625.561
北區,房地(土地+建物),臺中市北區太平北街1~30號,93.5,都市：其他:第二種住宅區,,,1090705,土地1建物1車位0,全,三層,透天厝,商業用,鋼筋混凝土加強磚造,630808,118.56,3,2,2,有,無,15827687,133499,,0,0,,RPPOMLLKIIPFFBB37DA,118.57,0,0,無,1169,,,,,,217477.347,2671718.862
北區,房地(土地+建物),臺中市北區太平北街1~30號,84.36,都市：其他:第二種住宅區,,,1090705,土地1建物1車位0,全,三層,透天厝,商業用,鋼筋混凝土加強磚造,630808,106.97,3,2,2,有,無,15827688,147964,,0,0,,RPTOMLLKIIPFFBB77DA,106.97,0,0,無,1169,,,,,,217477.347,2671718.862
北區,房地(土地+建物),臺中市北區進化北路361~390號,29.16,都市：其他:第一種商業區,,,1090824,土地1建物2車位0,四層,二十二層,住宅大樓(11層含以上有電梯),商業用,鋼筋混凝土造,841215,205.52,0,0,0,無,有,5800000,28221,,0,0,,RPVPMLSJIIPFFBB78EA,81.73,0,0,有,1202,,,,,,216987.619,2673142.666
中區,房地(土地+建物),臺中市中區中山路17之1~30號,10.04,都市：其他:綠地用地,,,1090926,土地2建物1車位0,四層,八層,華廈(10層含以下有電梯),商業用,鋼筋混凝土造,661228,51.9,2,0,2,有,無,1884000,36301,,0,0,,RPSPMLQLRHPFFAB09DA,51.9,0,0,有,,,,,,,217842.426,2670273.316
西區,房地(土地+建物),臺中市西區華美西街一段61~90號,12.03,都市：其他:第二種住宅區,,,1090918,土地1建物1車位0,三層,七層,華廈(10層含以下有電梯),商業用,鋼筋混凝土造,801114,107.47,0,0,0,無,有,3900000,36289,,0,0,,RPOOMLNKIIPFFAB47EA,59.4,22.63,0,有,,,,,,,215723.633,2673119.907
南屯區,房地(土地+建物),臺中市南屯區向上路三段61~90號,67.69,都市：其他:市場用地,,,1090919,土地1建物1車位0,一層，二層，騎樓,十四層,住宅大樓(11層含以上有電梯),商業用,鋼筋混凝土造,840112,845.86,3,2,2,有,有,40000000,47289,,0,0,,RPTNMLOKIIPFFCB08DA,571.04,0,22.75,有,,,,,,,211812.456,2671166.648
西屯區,房地(土地+建物),臺中市西屯區太原路一段121~150號,2.69,都市：其他:第一種商業區,,,1091004,土地1建物1車位0,四層,九層,華廈(10層含以下有電梯),商業用,鋼筋混凝土造,820531,35.7,1,1,1,有,有,2200000,61625,,0,0,,RPQNMLNKIIPFFCB67DA,24.38,0,0,有,1393,,,,,,215846.981,2673285.785
西屯區,房地(土地+建物),臺中市西屯區太原路一段121~150號,2.43,都市：其他:第一種商業區,,,1091004,土地1建物1車位0,四層,九層,華廈(10層含以下有電梯),商業用,鋼筋混凝土造,820531,33.55,1,1,1,有,有,2100000,62593,,0,0,,RPPNMLNKIIPFFCB57DA,18.33,0,3.9,有,1419,,,,,,215846.981,2673285.785
北區,房地(土地+建物),臺中市北區北屯路1~30號,2.62,都市：其他:第一種商業區,,,1090928,土地1建物1車位0,六層,十二層,住宅大樓(11層含以上有電梯),商業用,鋼筋混凝土造,711211,29.66,1,0,1,有,有,1200000,40459,,0,0,,RPTPMLPKIIPFFBB28DA,23.09,0,0,有,1429,,,,,,218672.543,2672961.219
西區,房地(土地+建物),臺中市西區忠勤街121~150號,86,都市：其他:第二種住宅區,,,1090925,土地1建物1車位0,全,二層,透天厝,商業用,見其他登記事項,621018,111.37,3,2,3,有,無,19500000,175092,,0,0,含傢俱設備費,頂樓加蓋,其他增建,,RPTTMLQKIIPFFAB68DA,111.37,0,0,無,,,,216472.032,2670944.563
南區,房地(土地+建物),臺中市南區美村路二段181~210號,28.03,都市：其他:第二種住宅區,,,1090927,土地1建物1車位0,七層，地下層,七層,華廈(10層含以下有電梯),商業用,鋼筋混凝土造,790412,293.34,9,0,9,有,有,16500000,56249,,0,0,,RPUQMLMKIIPFFAB08DA,252.48,1.36,0,有,1436,,,,,,216589.271,2668626.6
中區,房地(土地+建物),臺中市中區成功路248巷22之1~30號,11.22,都市：其他:第一種商業區,,,1090924,土地4建物2車位0,三層,八層,華廈(10層含以下有電梯),商業用,鋼筋混凝土造,661101,58.66,1,2,2,有,有,2200000,37504,,0,0,,RPUOMLTKIIPFFAB68EA,58.66,0,0,有,,,,,,,217614.056,2670926.89
中區,房地(土地+建物),臺中市中區民族路61~90號,5.12,都市：其他:第一種商業區,,,1090802,土地1建物1車位0,十層,十一層,公寓(5樓含以下無電梯),商業用,鋼筋混凝土造,770929,44.49,1,1,1,有,無,1900000,42706,,0,0,,RPOOMLTKIIPFFAB97DA,30,0,0,無,,,,,,,216917.429,2670994.625
東區,房地(土地+建物),臺中市東區復興路四段121~150號,154,都市：其他:第二種商業區,,,1090827,土地3建物1車位0,全,二層,透天厝,商業用,見其他登記事項,,140.22,0,0,0,無,無,39500000,281700,,0,0,未登記建物,,RPVPMLKLIIPFFAB08EA,140.22,0,0,無,,,,,,218413.75,2670567.901
西區,房地(土地+建物),臺中市西區自治街151~180號,47.63,都市：其他:第一種商業區,,,1090916,土地3建物2車位0,十一層,十二層,住宅大樓(11層含以上有電梯),商業用,鋼筋混凝土造,791004,596.78,0,0,0,無,有,22000000,36865,,0,0,,RPWOMLMLIIPFFAB28EA,455.31,20.91,0,有,,,,,,,216228.196,2670906.313
中區,房地(土地+建物),臺中市中區臺灣大道一段306巷31~60號,106.69,都市：其他:第一種商業區,,,1090805,土地1建物1車位0,四層,七層,華廈(10層含以下有電梯),商業用,鋼筋混凝土造,820827,1016.64,27,10,27,有,有,36000000,35411,,0,0,,RPSPMLPKIIPFFAB08DA,672.58,4.98,0,有,,,,,,,217568.63,2670811.96
西屯區,房地(土地+建物),臺中市西屯區文華路181~210號,102,都市：其他:第三之二種住宅區,,,1090904,土地2建物1車位0,全,二層,透天厝,商業用,加強磚造,600501,124.27,3,2,4,有,無,39800000,320270,,0,0,含租約,,RPPQMLMLIIPFFCB87DA,124.27,0,0,無,,,,,,214046.847,2675528.031
潭子區,房地(土地+建物),臺中市潭子區潭子街一段31巷1~30號,20.26,都市：其他:住宅區,,,1091009,土地1建物1車位0,一層,五層,公寓(5樓含以下無電梯),商業用,鋼筋混凝土造,801216,78.22,0,0,0,無,無,5650000,72232,,0,0,,RPROMLOKIIPFFHB48DA,66.58,11.64,0,無,887,,,,,,220184.711,2678786.719
北屯區,房地(土地+建物),臺中市北屯區遼寧路一段51巷1~30號,9.25,都市：其他:第二種住宅區,,,1090927,土地1建物1車位0,一層,九層,華廈(10層含以下有電梯),商業用,鋼筋混凝土造,830330,52.95,1,1,1,有,有,3400000,64212,,0,0,,RPPUMLTLRHPFFBB07DA,39.34,9.65,0,有,,,,,,,219080.658,2674420.512
北屯區,房地(土地+建物),臺中市北屯區青島路三段151~180號,32.66,都市：其他:第二種商業區,,,1090915,土地1建物1車位0,一層，騎樓,十六層,公寓(5樓含以下無電梯),商業用,鋼筋混凝土造,850106,209.62,0,0,0,無,無,19000000,90640,,0,0,,RPPOMLQJIIPFFBB77DA,172.77,0,0,無,,,,,,,217988.13,2673718.705
西區,房地(土地+建物),臺中市西區西屯路一段151~180號,33,都市：其他:第二種住宅區,,,1091012,土地1建物1車位0,三層,七層,華廈(10層含以下有電梯),商業用,鋼筋混凝土造,830922,150.4,7,0,6,有,無,14020000,93218,,0,0,其他增建:天井其他增建,,RPPPMLTKIIPFFAB18DA,112.65,11.89,0,有,1696,,,,,216470.39,2672153.811
南區,房地(土地+建物),臺中市南區信義南街81巷1~30號,4.24,都市：其他:第二種住宅區,,,1090914,土地2建物1車位0,一層,二十四層,住宅大樓(11層含以上有電梯),商業用,鋼筋混凝土造,851211,33.82,1,1,2,有,有,3500000,103489,,0,0,其他增建,,RPPNMLPLIIPFFAB67DA,24.6,0,0,有,1785,,,,,216834.14,2669259.078
太平區,房地(土地+建物),臺中市太平區中興路91~120號,14.17,都市：其他:第一種住宅區,,,1040805,土地1建物1車位0,一層,二層,公寓(5樓含以下無電梯),商業用,加強磚造,760320,9.7,0,0,0,無,無,875000,90206,,0,0,市場攤位,,RPSPMLQLIIPFFJB66EA,9.7,0,0,無,1792,,,,,220847.29,2668982.04
太平區,房地(土地+建物),臺中市太平區中興路91~120號,14.35,都市：其他:第一種住宅區,,,1040805,土地1建物1車位0,一層,二層,公寓(5樓含以下無電梯),商業用,加強磚造,760320,9.7,0,0,0,無,無,875000,90206,,0,0,市場攤位,,RPUPMLQLIIPFFJB86EA,9.7,0,0,無,1792,,,,,220847.29,2668982.04
太平區,房地(土地+建物),臺中市太平區中興路91~120號,14.35,都市：其他:第一種住宅區,,,1040805,土地1建物1車位0,一層,二層,公寓(5樓含以下無電梯),商業用,加強磚造,760320,9.7,0,0,0,無,無,875000,90206,,0,0,市場攤位,,RPVPMLQLIIPFFJB96EA,9.7,0,0,無,1792,,,,,220847.29,2668982.04
太平區,房地(土地+建物),臺中市太平區中興路91~120號,13.82,都市：其他:第一種住宅區,,,1040806,土地1建物1車位0,一層,二層,公寓(5樓含以下無電梯),商業用,加強磚造,760320,9.51,0,0,0,無,無,875000,92008,,0,0,市場攤位,,RPPQMLQLIIPFFJB09EA,0,0,0,無,1792,,,,,220847.29,2668982.04
太平區,房地(土地+建物),臺中市太平區中興路91~120號,14.35,都市：其他:第一種住宅區,,,1040806,土地1建物1車位0,一層,二層,公寓(5樓含以下無電梯),商業用,加強磚造,760320,9.7,0,0,0,無,無,875000,90206,,0,0,市場攤位,,RPQQMLQLIIPFFJB56EA,0,0,0,無,1792,,,,,220847.29,2668982.04
太平區,房地(土地+建物),臺中市太平區中興路91~120號,14.35,都市：其他:第一種住宅區,,,1040805,土地1建物1車位0,一層,二層,公寓(5樓含以下無電梯),商業用,加強磚造,760320,9.7,0,0,0,無,無,875000,90206,,0,0,市場攤位,,RPRQMLQLIIPFFJB66EA,0,0,0,無,1792,,,,,220847.29,2668982.04
太平區,房地(土地+建物),臺中市太平區中興路91~120號,14.17,都市：其他:第一種住宅區,,,1040805,土地1建物1車位0,一層,二層,公寓(5樓含以下無電梯),商業用,加強磚造,760320,9.7,0,0,0,無,無,875000,90206,,0,0,市場攤位,,RPSQMLQLIIPFFJB76EA,0,0,0,無,1792,,,,,220847.29,2668982.04
太平區,房地(土地+建物),臺中市太平區中興路91~120號,14.35,都市：其他:第一種住宅區,,,1040805,土地1建物1車位0,一層,二層,公寓(5樓含以下無電梯),商業用,加強磚造,760320,9.7,0,0,0,無,無,875000,90206,,0,0,市場攤位,,RPTQMLQLIIPFFJB86EA,0,0,0,無,1792,,,,,220847.29,2668982.04
太平區,房地(土地+建物),臺中市太平區中興路91~120號,15.57,都市：其他:第一種住宅區,,,1040805,土地1建物1車位0,一層,二層,公寓(5樓含以下無電梯),商業用,加強磚造,760320,9.51,0,0,0,無,無,875000,92008,,0,0,市場攤位,,RPUQMLQLIIPFFJB96EA,0,0,0,無,1792,,,,,220847.29,2668982.04
太平區,房地(土地+建物),臺中市太平區中興路91~120號,11.97,都市：其他:第一種住宅區,,,1040805,土地1建物1車位0,一層,二層,公寓(5樓含以下無電梯),商業用,加強磚造,760320,8.56,0,0,0,無,無,875000,102220,,0,0,市場攤位,,RPSRMLQLIIPFFJB86EA,8.56,0,0,無,1792,,,,,220847.29,2668982.04
西屯區,房地(土地+建物),臺中市西屯區上石北2巷1~30號,4.15,都市：其他:第三種商業區,,,1091008,土地2建物1車位0,六層,八層,華廈(10層含以下有電梯),商業用,鋼筋混凝土造,801218,39.13,1,0,1,有,有,1980000,50601,,0,0,親友、員工、共有人或其他特殊關係間之交易,,RPQQMLNKIIPFFCB97DA,31.23,0,0,有,,,,,,215136.734,2673129.447
中區,房地(土地+建物),臺中市中區臺灣大道一段361~390號,3.04,都市：其他:第二種商業區,,,1091005,土地5建物1車位0,五層,十二層,住宅大樓(11層含以上有電梯),商業用,鋼筋混凝土造,710630,29.3,1,0,1,有,有,1500000,51195,,0,0,,RPPOMLTLIIPFFAB18DA,20.52,0,0,有,,,,,,,217096.187,2671178.214
南區,房地(土地+建物),臺中市南區南和路61~90號,37.01,都市：其他:第三種住宅區。,,,1090916,土地1建物1車位0,一層,八層,華廈(10層含以下有電梯),商業用,鋼筋混凝土造,680522,70.89,0,0,0,無,有,4510000,63620,,0,0,,RPTNMLPLIIPFFAB08DA,70.89,0,0,有,,,,,,,216174.562,2668187.648
北屯區,房地(土地+建物),臺中市北屯區梅川東路四段91~120號,4.74,都市：其他:第二種住宅區,,,1091009,土地1建物1車位0,七層,十七層,住宅大樓(11層含以上有電梯),商業用,鋼筋混凝土造,831222,49.56,1,1,1,有,有,2810000,56699,,0,0,,RPPNMLSLIIPFFBB08DA,30.23,3.62,0,有,1968,,,,,,217624.958,2674567.754
東區,房地(土地+建物),臺中市東區建成路721~750號,14.33,都市：其他:第一種商業區,,,1090914,土地1建物1車位0,一層，二層，三層，騎樓,十二層,住宅大樓(11層含以上有電梯),商業用,鋼筋混凝土造,780607,171.74,2,2,2,有,有,10400000,60557,,0,0,,RPTQMLNLIIPFFAB18DA,146.32,5.02,0,有,,,,,,,218011.793,2669392.004
東區,房地(土地+建物),臺中市東區東光園路100巷6弄181~210號,26.12,都市：其他:第七種住宅區,,,1090921,土地1建物1車位0,一層,六層,華廈(10層含以下有電梯),商業用,鋼筋混凝土造,810919,107.52,3,2,2,有,有,6360000,59152,,0,0,其他增建,,RPWVMLQKIIPFFAB56DA,81.44,8.79,0,有,1978,,,,,218870.833,2669020.22
大里區,房地(土地+建物),臺中市大里區鳳城街17巷1~30號,20.83,都市：其他:住宅區,,,1091001,土地1建物1車位0,一層,五層,公寓(5樓含以下無電梯),商業用,鋼筋混凝土造,730930,86.68,3,2,2,有,無,5500000,63452,,0,0,土地買賣價金新台幣參佰玖拾參萬元，建物買賣價金新台幣壹佰伍拾柒萬元其他增建,,RPPPMLSLIIPFFIB98DA,77.39,0,0,無,2011,,,,,218803.84,2665143.39
北屯區,房地(土地+建物),臺中市北屯區華美西街二段511~540號,169,都市：其他:第三之二種住宅區,,,1090827,土地1建物1車位0,全,二層,透天厝,商業用,鋼筋混凝土加強磚造,620515,193.02,6,3,3,有,無,24000000,124339,,0,0,,RPQQMLMJJIPFFBB87EA,193.02,0,0,無,,,,,,,216444.13,2674565.142
東區,房地(土地+建物),臺中市東區練武路1~30號,101,都市：其他:第五種住宅區,,,1091001,土地1建物1車位0,全,四層,透天厝,商業用,鋼筋混凝土造,,222.2,17,1,17,有,無,17200000,77408,,0,0,其他增建,,RPSOMLTKIIPFFAB38DA,222.2,0,0,無,,,,,,218478.864,2670911.509
西區,房地(土地+建物),臺中市西區美村路一段421~450號,88,都市：其他:第二種住宅區,,,1090906,土地3建物1車位0,全,三層,透天厝,商業用,見其他登記事項,,161.28,7,2,5,有,無,27000000,167411,,0,0,其他增建,,RPUPMLSJRHPFFAB66DA,161.28,0,0,無,,,,,,215561.404,2669779.657
東區,房地(土地+建物),臺中市東區福立街31~60號,76,都市：其他:第二種住宅區,,,1090927,土地1建物1車位0,全,二層,透天厝,商業用,見其他登記事項,580507,119.55,5,2,3,有,無,9880000,82643,,0,0,其他增建,,RPXOMLOJJIPFFAB38DA,119.55,0,0,無,2165,,,,,218762.902,2670958.614
南區,房地(土地+建物),臺中市南區南門路91~120號,72,都市：其他:第二種住宅區,,,1091011,土地1建物1車位0,全,三層,透天厝,商業用,見其他登記事項,600917,198.67,3,2,2,有,無,19800000,99663,,0,0,,RPXPMLOJJIPFFAB48DA,198.67,0,0,無,,,,,,,217421.448,2668624.33
北屯區,房地(土地+建物),臺中市北屯區大鵬路1~30號,74,都市：其他:第二種商業區,,,1090619,土地1建物1車位0,全,三層,透天厝,商業用,鋼筋混凝土加強磚造,611001,154,5,2,3,有,無,8100000,52597,,0,0,親友、員工、共有人或其他特殊關係間之交易,,RPVVMLPJJIPFFBB56EA,154,0,0,無,,,,,,216058.44,2674860.416
西屯區,房地(土地+建物),臺中市西屯區工業區一路2巷1~30號,13.8,都市：其他:第二種住宅區,,,1091021,土地1建物1車位0,五層,十四層,住宅大樓(11層含以上有電梯),商業用,鋼筋混凝土造,801227,117.06,0,0,0,無,有,7000000,59798,,0,0,,RPUOMLOJJIPFFCB38EA,75.36,0,0,有,,,,,,,210789.378,2675249.784
北區,房地(土地+建物),臺中市北區中清路一段61~90號,17.74,都市：其他:第二種商業區,,,1090924,土地2建物2車位0,十二層,十八層,住宅大樓(11層含以上有電梯),商業用,鋼筋混凝土造,790416,203.68,1,1,1,有,有,10000000,49097,,0,0,,RPPNMLNJIIPFFBB37DA,135.85,0,0,有,,,,,,,216638.239,2674260.594
北屯區,房地(土地+建物),臺中市北屯區太原路三段139巷31~60號,13.8,都市：其他:第二種住宅區,,,1090908,土地1建物1車位0,一層，騎樓,七層,華廈(10層含以下有電梯),商業用,鋼筋混凝土造,830228,86.77,0,0,0,無,有,7500000,86435,,0,0,,RPSVMLLLIIPFFBB48DA,61.59,8.95,0,有,,,,,,,218508.239,2673510.83
北屯區,房地(土地+建物),臺中市北屯區梅川東路四段91~120號,4.74,都市：其他:第二種住宅區,,,1090920,土地1建物1車位0,八層,十七層,住宅大樓(11層含以上有電梯),商業用,鋼筋混凝土造,831222,49.56,1,1,1,有,有,2550000,51453,,0,0,,RPWOMLQKIIPFFBB58DA,30.23,3.62,0,有,,,,,,,217624.958,2674567.754
西區,房地(土地+建物),臺中市西區公正路181~210號,96,都市：其他:第二種住宅區,,,1091006,土地1建物1車位0,全,二層,透天厝,商業用,見其他登記事項,571204,173.58,2,1,1,有,無,31200000,179744,,0,0,,RPUPMLTJJIPFFAB68DA,173.58,0,0,無,,,,,,,215199.954,2671558.282
北屯區,房地(土地+建物),臺中市北屯區遼寧路一段51巷31~60號,6.46,都市：其他:第二種住宅區,,,1091101,土地1建物1車位0,一層,九層,華廈(10層含以下有電梯),商業用,鋼筋混凝土造,830330,36.89,0,0,0,無,有,2100000,56926,,0,0,夾層,,RPXRMLKKJIPFFBB48DA,24.57,2.68,0,有,,,,,,219080.658,2674420.512
中區,房地(土地+建物),臺中市中區三民路二段31~60號,0.42,都市：其他:第二種商業區,,,1091020,土地1建物1車位0,四層,十二層,住宅大樓(11層含以上有電梯),商業用,鋼筋混凝土造,740521,31.35,1,1,1,有,有,1130000,36045,,0,0,,RPVNMLOJJIPFFAB08DA,21.64,3.69,0,有,,,,,,,217634.01,2671072.909
南區,房地(土地+建物),臺中市南區德富路61~90號,7.93,都市：其他:第二種住宅區,,,1091003,土地3建物1車位0,一層，騎樓,九層,華廈(10層含以下有電梯),商業用,鋼筋混凝土造,871219,57.33,6,0,1,有,有,5980000,104308,,0,0,,RPRRNLKKJIPFFAB87DA,47.04,0,0,有,,,,,,,215491.435,2667332.066
南區,房地(土地+建物),臺中市南區文心南路541~570號,24.03,都市：其他:第三種住宅區。,,,1091017,土地1建物1車位0,一層，騎樓,十四層,住宅大樓(11層含以上有電梯),商業用,鋼筋混凝土造,871015,59.29,0,0,0,無,有,6100000,102884,,0,0,,RPOOMLLKJIPFFAB27DA,50.31,0,0,有,,,,,,,215570.054,2667154.433
中區,房地(土地+建物),臺中市中區成功路31~60號,110,都市：其他:第一種商業區,,,1091029,土地4建物1車位0,全,二層,透天厝,商業用,磚造,361003,165.64,0,0,0,無,無,20900000,126177,,0,0,其他增建,,RPXOMLPJJIPFFAB48DA,165.64,0,0,無,,,,,,217165.608,2671252.572
南區,房地(土地+建物),臺中市南區大慶街一段130巷1~30號,17.71,都市：其他:第二種住宅區,,,1091019,土地1建物1車位0,一層，騎樓，地下層,七層,華廈(10層含以下有電梯),商業用,鋼筋混凝土造,810707,118.39,0,0,0,無,有,7700000,65039,,0,0,,RPUNMLMKJIPFFAB87DA,94.4,12.33,0,有,,,,,,,215170.978,2667809.652
龍井區,房地(土地+建物),臺中市龍井區藝術街61~90號,28.7,都市：其他:蝚砌?蝔桐?摰?,,,1091016,土地1建物1車位0,二層,五層,公寓(5樓含以下無電梯),商業用,鋼筋混凝土造,790820,96.59,0,0,0,無,無,7100000,73507,,0,0,陽台外推,,RPVNMLNJJIPFFKB98DA,75.53,6.42,0,無,,,,,,208256.769,2675997.009
西屯區,房地(土地+建物),臺中市西屯區青海路二段211~240號,2.56,都市：其他:第三種商業區,,,1091009,土地1建物1車位0,九層,十四層,住宅大樓(11層含以上有電梯),商業用,鋼筋混凝土造,850509,31.4,1,1,1,有,有,1400000,44586,,0,0,,RPXTMLQKJIPFFCB76DA,16.7,2.8,0,有,,,,,,,212905.799,2674609.569
北屯區,房地(土地+建物),臺中市北屯區太原路三段139巷31~60號,15.05,都市：其他:第二種住宅區,,,1091007,土地1建物1車位0,一層，騎樓,七層,華廈(10層含以下有電梯),商業用,鋼筋混凝土造,830228,86.92,0,0,0,無,有,5000000,57524,,0,0,,RPSOMLKKJIPFFBB67DA,67.5,5.18,0,有,,,,,,,218508.239,2673510.83
南區,房地(土地+建物),臺中市南區大慶街一段130巷1~30號,17.36,都市：其他:第二種住宅區,,,1091116,土地1建物1車位0,一層，騎樓，地下層,七層,華廈(10層含以下有電梯),商業用,鋼筋混凝土造,810707,119,0,0,0,無,有,7400000,62185,,0,0,,RPSSMLQKJIPFFAB58DA,95.83,10.2,0,有,,,,,,,215170.978,2667809.652
東區,房地(土地+建物),臺中市東區自由路三段241~270號,76,都市：其他:第二種住宅區,,,1091009,土地1建物1車位0,全,二層,透天厝,商業用,見其他登記事項,601230,104.16,4,2,2,有,無,14500000,139209,,0,0,其他增建,,RPUNMLSKJIPFFAB58EA,104.16,0,0,無,,,,,,219108.026,2670886.878
北屯區,房地(土地+建物),臺中市北屯區華美西街二段511~540號,59,都市：其他:第三之二種住宅區,,,1090906,土地1建物1車位0,全,二層,透天厝,商業用,鋼筋混凝土加強磚造,620515,102.4,3,2,3,有,無,13500000,131836,,0,0,頂樓加蓋,,RPWQMLSKJIPFFBB56EA,102.4,0,0,無,,,,,,216444.13,2674565.142
大甲區,房地(土地+建物),臺中市大甲區工二路1~30號,148.55,,工業區,丁種建築用地,1090925,土地2建物2車位0,地下層,七層,公寓(5樓含以下無電梯),商業用,鋼筋混凝土造,811101,462.06,4,2,3,有,無,6800000,14717,,0,0,,RPWNMLSKJIPFFEB56EA,432.36,29.7,0,無,,,,,,,215294.641,2699188.293
豐原區,房地(土地+建物),臺中市豐原區豐北街421~450號,59.87,都市：其他:市場用地,,,1091001,土地1建物1車位0,全,三層,透天厝,商業用,鋼筋混凝土造,700106,153.6,4,2,3,有,無,10800000,70313,,0,0,,RPXNMLTKJIPFFDB56DA,153.6,0,0,無,,,,,,,220895.035,2683715.379
北區,房地(土地+建物),臺中市北區進化北路361~390號,5.52,都市：其他:第一種商業區,,,1091026,土地1建物1車位0,三層,十八層,住宅大樓(11層含以上有電梯),商業用,鋼筋混凝土造,830207,68.24,2,1,1,有,有,4000000,58617,,0,0,含土地增值稅或其他稅費,含仲介費,含地政士服務費,,RPQQMLNKJIPFFBB97DA,52.42,0,0,有,2716,,,216987.619,2673142.666
西區,房地(土地+建物),臺中市西區建國路61~90號,172,都市：其他:第二種商業區,,,1091012,土地1建物1車位0,全,十層,透天厝,商業用,鋼筋混凝土造,660622,1325.61,30,4,32,有,無,66000000,49788,,0,0,頂樓加蓋,其他增建,含租約,,RPWRMLRKJIPFFAB98DA,1325.61,0,0,有,,,,217662.429,2670099.631
中區,房地(土地+建物),臺中市中區市府路1~30號,158,都市：其他:第一種商業區,,,1090909,土地3建物1車位0,全,二層,透天厝,商業用,木造,,152.06,0,0,0,無,無,23600000,155202,,0,0,未登記建物,,RPPNMLTKJIPFFAB08DA,138.84,13.22,0,無,,,,,,217761.867,2670772.705
北區,房地(土地+建物),臺中市北區中清路一段211~240號,61,都市：其他:第一種商業區,,,1091014,土地1建物1車位0,全,三層,透天厝,商業用,鋼筋混凝土加強磚造,570530,183.14,3,2,3,有,無,17500000,95555,,0,0,,RPQNMLMKJIPFFBB57DA,183.14,0,0,無,2752,,,,,,216638.239,2674260.594
西屯區,房地(土地+建物),臺中市西屯區漢口路二段121~150號,41.42,都市：其他:第二種住宅區,,,1091010,土地1建物1車位0,十一層,十二層,住宅大樓(11層含以上有電梯),商業用,鋼筋混凝土造,780301,342.74,5,3,1,有,有,17100000,49892,,0,0,陽台外推,,RPXNMLSKJIPFFCB98DA,286.85,38.19,0,有,,,,,,215974.022,2673517.077
太平區,房地(土地+建物),臺中市太平區中興路91~120號,1.33,都市：其他:第一種住宅區,,,1090930,土地1建物1車位0,一層,二層,公寓(5樓含以下無電梯),商業用,加強磚造,760320,0.95,0,0,0,無,無,87500,0,,0,0,市場攤位,,RPTNMLKLJIPFFJB68EA,0,0,0,無,1792,,,,,220847.29,2668982.04
北區,房地(土地+建物),臺中市北區富強街121~150號,17.09,都市：其他:第二種住宅區,,,1091017,土地3建物1車位0,一層，騎樓，地下層,五層,公寓(5樓含以下無電梯),商業用,鋼筋混凝土造,701231,110.58,1,1,1,有,無,4500000,40695,,0,0,,RPORMLTKIIPFFBB38DA,110.58,0,0,無,,,,,,,218984.266,2672608.822
北屯區,房地(土地+建物),臺中市北屯區松竹路二段337巷1~30號,33.86,都市：其他:第二種住宅區,,,1091024,土地1建物2車位0,一層,七層,華廈(10層含以下有電梯),商業用,鋼筋混凝土造,820317,158.08,3,2,3,有,有,7980000,50481,,0,0,,RPURMLNLJIPFFBB58DA,77.68,9.44,0,有,,,,,,,218737.209,2675195.196
南區,房地(土地+建物),臺中市南區工學一街167巷1~30號,7.1,都市：其他:第三種住宅區。,,,1091010,土地1建物1車位0,一層,十二層,住宅大樓(11層含以上有電梯),商業用,鋼筋混凝土造,870930,58.08,1,1,1,有,有,3800000,65427,,0,0,夾層,,RPWRMLPLJIPFFAB88DA,35.71,0,0,有,2957,,,,,215936.562,2667955.953
北區,房地(土地+建物),臺中市北區忠明路511~540號,87,都市：其他:第三種住宅區。,,,1091027,土地1建物1車位0,全,二層,透天厝,商業用,鋼筋混凝土加強磚造,,126.65,2,3,3,有,無,15000000,118437,,0,0,頂樓加蓋,其他增建,,RPTRMLSKJIPFFBB88DA,126.65,0,0,無,,,,,216875.769,2673124.487
北屯區,房地(土地+建物),臺中市北屯區中清路二段961~990號,101,都市：其他:第二種商業區,,,1090730,土地1建物1車位0,全,二層,透天厝,商業用,見其他登記事項,620530,127.26,3,2,4,有,無,7200000,56577,,0,0,親友、員工、共有人或其他特殊關係間之交易,其他增建,,RPTNMLRLJIPFFBB58EA,127.26,0,0,無,,,,,215450.812,2676459.12
北屯區,房地(土地+建物),臺中市北屯區梅川東路四段91~120號,4.17,都市：其他:第二種住宅區,,,1091107,土地1建物1車位0,十二層,十七層,住宅大樓(11層含以上有電梯),商業用,鋼筋混凝土造,831222,43.58,1,1,1,有,有,2530000,58054,,0,0,,RPUOMLSJJIPFFBB58DA,26.46,3.29,0,有,,,,,,,217624.958,2674567.754
西區,房地(土地+建物),臺中市西區忠明南路1~30號,7.12,都市：其他:第二種商業區,,,1091013,土地1建物1車位0,四層,十二層,住宅大樓(11層含以上有電梯),商業用,鋼筋混凝土造,820602,69.55,1,1,1,有,有,5000000,71891,,0,0,陽台外推,,RPQUMLPLJIPFFAB58DA,44.04,0,7.72,有,3054,,,,,215148.204,2671821.227
西區,房地(土地+建物),臺中市西區向上路一段181~210號,78,都市：其他:市場用地,,,1091022,土地2建物2車位0,全,二層,透天厝,商業用,見其他登記事項,620614,125.28,3,3,2,有,無,27000000,215517,,0,0,,RPUNMLKMJIPFFAB87DA,125.28,0,0,無,,,,,,,214571.807,2671299.322
北區,房地(土地+建物),臺中市北區衛道路193巷1~30號,46,都市：其他:第二種住宅區,,,1091118,土地1建物1車位0,全,二層,透天厝,商業用,鋼筋混凝土加強磚造,,58.4,3,3,3,有,無,8400000,143836,,0,0,頂樓加蓋,未登記建物,,RPVPMLRLJIPFFBB88DA,58.4,0,0,無,3062,,,,217396.507,2672984.868
大里區,房地(土地+建物),臺中市大里區益民路一段121~150號,29.92,都市：其他:住宅區,,,1091026,土地1建物1車位0,一層，騎樓,五層,公寓(5樓含以下無電梯),商業用,鋼筋混凝土造,681213,83.78,1,2,1,有,無,8500000,101456,,0,0,,RPQOMLTKJIPFFIB09DA,83.78,0,0,無,,,,,,,218467.63,2666814.939
太平區,房地(土地+建物),臺中市太平區中興路91~120號,14.35,都市：其他:第一種住宅區,,,1091020,土地1建物1車位0,一層,二層,公寓(5樓含以下無電梯),商業用,加強磚造,760320,9.7,0,0,0,無,無,800000,82474,,0,0,市場攤位,,RPQNMLKMJIPFFJB38DA,9.7,0,0,無,1792,,,,,220847.29,2668982.04
龍井區,房地(土地+建物),臺中市龍井區藝術街61~90號,54.43,都市：其他:蝚砌?蝔桐?摰?,,,1091024,土地1建物1車位0,二層,五層,公寓(5樓含以下無電梯),商業用,鋼筋混凝土造,790820,73.62,1,1,1,有,無,5360000,72806,,0,0,,RPPOMLKMJIPFFKB48DA,55,6.07,0,無,,,,,,,208256.769,2675997.009
北屯區,房地(土地+建物),臺中市北屯區梅川東路四段91~120號,4.25,都市：其他:第二種住宅區,,,1091112,土地1建物1車位0,十一層,十七層,住宅大樓(11層含以上有電梯),商業用,鋼筋混凝土造,831222,44.07,1,1,1,有,有,2450000,55593,,0,0,,RPSNMLLJKIPFFBB67DA,26.46,3.51,0,有,,,,,,,217624.958,2674567.754
西區,房地(土地+建物),臺中市西區三民路一段121~150號,80,都市：其他:第一種商業區,,,1091028,土地2建物1車位0,全,四層,透天厝,商業用,見其他登記事項,630413,278.83,2,4,4,有,無,9000000,32278,,0,0,親友、員工、共有人或其他特殊關係間之交易,,RPUNNLKKJIPFFAB77DA,278.83,0,0,無,,,,,,217042.008,2670591.075
西區,房地(土地+建物),臺中市西區民興街151~180號,23.5,都市：其他:第二種住宅區,,,1091019,土地1建物1車位0,全,三層,透天厝,商業用,見其他登記事項,630913,50.49,6,3,3,有,無,2000000,39612,,0,0,親友、員工、共有人或其他特殊關係間之交易,,RPVNMLSLJIPFFAB68DA,100.98,0,0,無,3153,,,,,215807.402,2669668.947
西區,房地(土地+建物),臺中市西區民興街151~180號,23.5,都市：其他:第二種住宅區,,,1091019,土地1建物1車位0,全,三層,透天厝,商業用,見其他登記事項,630913,50.49,6,3,3,有,無,2750000,54466,,0,0,親友、員工、共有人或其他特殊關係間之交易,,RPXNMLSLJIPFFAB88DA,50.49,0,0,無,3153,,,,,215807.402,2669668.947
北屯區,房地(土地+建物),臺中市北屯區梅川東路四段91~120號,4.17,都市：其他:第二種住宅區,,,1091026,土地1建物1車位0,八層,十七層,住宅大樓(11層含以上有電梯),商業用,鋼筋混凝土造,831222,43.8,1,0,1,有,有,2550000,58219,,0,0,,RPTNMLSLJIPFFBB58DA,26.46,3.51,0,有,,,,,,,217624.958,2674567.754
北屯區,房地(土地+建物),臺中市北屯區進化北路21巷1~30號,9,都市：其他:第三種住宅區。,,,1091029,土地1建物1車位0,全,二層,透天厝,商業用,鋼筋混凝土加強磚造,610919,18,1,1,1,有,無,1200000,66667,,0,0,親友、員工、共有人或其他特殊關係間之交易,,RPPSMLKMJIPFFBB97DA,18,0,0,無,,,,,,218670.421,2673042.268
北屯區,房地(土地+建物),臺中市北屯區梅川東路四段91~120號,4.94,都市：其他:第二種住宅區,,,1091111,土地1建物1車位0,十二層,十七層,住宅大樓(11層含以上有電梯),商業用,鋼筋混凝土造,831222,52.58,1,0,1,有,有,2600000,49448,,0,0,,RPQNMLPLJIPFFBB97DA,31.47,4.72,0,有,,,,,,,217624.958,2674567.754
北區,房地(土地+建物),臺中市北區北屯路1~30號,3.42,都市：其他:第一種商業區,,,1091030,土地1建物1車位0,六層,十二層,住宅大樓(11層含以上有電梯),商業用,鋼筋混凝土造,711211,38.41,1,0,1,有,有,1430000,37230,,0,0,,RPRPMLPLJIPFFBB28DA,27.66,2.77,0,有,3250,,,,,,218672.543,2672961.219
豐原區,房地(土地+建物),臺中市豐原區豐勢路一段1~30號,16.89,都市：其他:第二種商業區,,,1091104,土地1建物1車位0,四層,十三層,住宅大樓(11層含以上有電梯),商業用,鋼筋混凝土造,860602,191.48,3,2,1,有,有,6800000,35513,,0,0,,RPVNMLNJKIPFFDB38DA,117.4,6.2,0,有,3295,,,,,,221941.299,2683179.72
北區,房地(土地+建物),臺中市北區太原路一段181~210號,12.5,都市：其他:第二種住宅區,,,1090725,土地1建物1車位0,五層,七層,華廈(10層含以下有電梯),商業用,鋼筋混凝土造,800412,67.54,0,0,0,無,有,2100000,31093,,0,0,,RPXQOLQKJIPFFBB66EA,50.68,0,0,有,,,,,,,216818.739,2673309.566
北區,房地(土地+建物),臺中市北區英才路181~210號,91,都市：其他:第二種住宅區,,,1091105,土地2建物1車位0,全,三層,透天厝,商業用,鋼筋混凝土加強磚造,630330,230.6,8,1,3,有,無,18600000,80659,,0,0,頂樓加蓋,,RPPPMLQJJIPFFBB97DA,230.6,0,0,無,,,,,,216217.31,2672127.45
